cedula;nombre;correoucab;correoparticular;telefono;comentario
123333;Oliver jose;qtorres@hispavista.com;silvia64@rodriquez.com.ve;0424956254;Quod odit iusto eligendi illum ut aut.
175.202.239.225;Lcda. Ona Nieves;oordonez@pereira.co.ve;pozo.victoria@yahoo.com;+58 208-308-4895;Consequatur impedit natus aut adipisci qui iste velit.
68.232.236.239;Lcdo. Santiago Hidalgo;westeban@medrano.com;naiara40@hotmail.com;+58 4572784940;Quae amet corrupti dolorem inventore voluptatem.
109.19.56.78;Juan Robledo;montenegro.laura@velasco.web.ve;africa.irizarry@cantu.org;+58 221-267-8001;Harum officiis dicta iste earum non eum id.
5.27.251.94;Dra. Maria Aparicio Hijo;zcastellano@leon.org.ve;cardenas.abril@latinmail.com;+58 449-5632605;Illum voluptates officia reiciendis tempore.
182.143.9.185;Roberto Juan Contreras;adriana09@latinmail.com;prado.ainara@terra.com;+58 2204015387;Iure voluptas maxime aliquam iure et corporis.
181.26.90.227;Isaac Victor Santiago;bvillasenor@hotmail.es;cintron.jose@gmail.com;+58 4399408435;Quae maxime praesentium tenetur rerum.
125.9.236.197;Noelia Carrasquillo;fvilla@cantu.co.ve;pozo.yaiza@coronado.net;+58 434-2798839;Non quia sequi molestiae debitis dolorem sunt.
154.244.29.130;Lola Bella Andrés;uordonez@hinojosa.co.ve;francisco.tirado@hispavista.com;+58 4858496724;Et corrupti praesentium rerum ducimus consequatur.
218.48.238.222;Dn. Ignacio Abreu;omar63@yahoo.com;leyre.hurtado@carrion.web.ve;+58 205 5056973;Voluptatem distinctio placeat corporis rerum in necessitatibus.
31.238.227.232;Africa Acevedo Rincón;cepeda.claudia@latinmail.com;ismael19@hotmail.com;230-089-7680;Qui ducimus adipisci quaerat molestiae.
68.3.140.212;Laura Naia Atencio;ocastellano@yahoo.es;dfajardo@hotmail.es;+58 247-326-6412;Ut occaecati accusantium nihil rerum aut.
50.195.60.235;Dn. Adam Ferrer Hijo;ecazares@trevino.com.ve;kocampo@live.com;432 5667340;Corrupti molestiae nostrum ex possimus suscipit sapiente.
110.151.73.103;Dn. Sebastian Polo;breynoso@magana.org;izan86@olivarez.org;250-412-8327;Culpa error eos quaerat odio.
126.173.27.184;Nayara Estévez Villalpando;ucarrasco@yahoo.es;eric.carrion@razo.info.ve;+58 298-4360230;Illum voluptas voluptas adipisci sunt rerum assumenda qui pariatur.
8.83.20.200;Ing. David Chávez Hijo;marco86@montoya.co.ve;olivo.beatriz@live.com;+58 429-5284273;Rerum nemo quia laboriosam blanditiis.
108.232.77.54;Rayan Leo Corona Quintana;hector35@sola.net.ve;alejandro97@live.com;+58 2523329327;Pariatur voluptatibus repellendus incidunt ipsam rerum.
211.190.43.152;Lcdo. Eric Clemente Hijo;gaytan.ismael@conde.co.ve;melizondo@arredondo.net.ve;472 5014662;Odio necessitatibus sunt esse esse fuga ut magni.
252.19.242.158;Adria Miramontes Hijo;alma.brito@anton.co.ve;marco.pedro@pantoja.co.ve;+58 483 4875747;Aut ut a sed reprehenderit.
119.59.88.2;Lcda. Abril Olmos Hijo;dvargas@sevilla.org;ltrejo@mojica.co.ve;452 326 1568;Reprehenderit quasi consequatur rem eum et cumque.
6.19.96.223;Raul Marco Urbina;cristian.sancho@yahoo.es;peralta.joan@terra.com;+58 2511922840;Numquam adipisci quisquam illum repellat delectus enim dicta.
3.84.85.133;Erik Adam Valero;cabello.julia@vera.org.ve;cristian.terrazas@hispavista.com;496 1007891;Et pariatur at nemo nam.
155.162.185.32;Pol Nicolas Riojas Arribas;alejandra11@yahoo.com;jimena.tapia@vaca.net;2316558390;At sunt iusto est beatae.
189.134.239.124;Guillermo Almaraz Hijo;saul65@hotmail.es;elsa.pacheco@ordonez.co.ve;496-6263330;Autem eligendi ea illo ut et porro.
77.234.104.255;Lola Victoria Giménez;carla.paz@live.com;upedroza@resendez.org;+58 256-7120866;Placeat quae quo vero iste est optio in autem.
